UserID,GameID,DeveloperID,ReviewText,GameRating,HoursPlayed,ReviewDate
423,440,541,Amazing Graphics!,4,90,2023-09-25
479,393,34,Amazing Graphics!,6,82,2024-02-07
592,755,619,This is so fun to play!,3,29,2023-09-20
449,186,821,Amazing Graphics!,7,31,2023-12-14
145,483,906,OK,3,45,2024-03-16
596,942,591,OK,6,65,2024-04-08
839,702,205,OK,1,77,2024-07-29
690,453,163,OK,7,62,2024-02-23
821,484,641,Amazing Graphics!,4,35,2024-07-18
914,592,220,Amazing Graphics!,1,37,2023-10-19
170,125,152,OK,5,26,2024-07-29
136,164,671,This is so fun to play!,5,7,2024-02-29
934,965,151,Amazing Graphics!,10,98,2023-12-23
732,487,228,OK,1,48,2024-05-27
509,251,793,OK,4,77,2024-06-27
997,599,843,This is so fun to play!,8,2,2024-08-08
734,304,710,OK,2,12,2023-10-03
474,11,478,This is so fun to play!,9,32,2023-11-26
23,443,185,This is so fun to play!,4,92,2024-05-31
351,604,773,Amazing Graphics!,1,80,2024-05-18
716,413,678,OK,6,26,2024-05-21
567,954,943,Amazing Graphics!,7,53,2024-06-29
570,582,864,OK,2,44,2024-02-09
210,927,645,This is so fun to play!,8,87,2024-03-05
182,617,78,OK,6,77,2024-03-04
50,498,827,This is so fun to play!,4,96,2024-03-10
305,987,277,This is so fun to play!,10,31,2023-10-21
691,998,550,Amazing Graphics!,1,21,2024-06-10
181,363,228,OK,8,3,2023-11-06
524,368,950,Amazing Graphics!,8,72,2024-09-03
287,949,849,OK,7,61,2024-06-04
915,190,834,Amazing Graphics!,7,56,2024-05-19
283,638,864,OK,2,63,2023-12-21
376,579,489,This is so fun to play!,9,13,2023-12-28
306,638,864,Amazing Graphics!,9,99,2023-10-13
323,726,165,Amazing Graphics!,8,74,2023-12-26
847,108,647,This is so fun to play!,7,63,2024-06-30
730,806,458,OK,7,17,2024-06-29
988,102,715,OK,1,94,2024-05-25
59,173,679,Amazing Graphics!,2,14,2023-11-26
48,167,380,This is so fun to play!,7,1,2024-09-12
439,314,461,Amazing Graphics!,4,38,2024-03-06
399,981,373,OK,2,83,2023-12-06
48,372,179,OK,7,96,2024-05-06
65,582,864,This is so fun to play!,5,79,2024-05-01
459,37,662,This is so fun to play!,7,7,2023-12-01
327,917,707,Amazing Graphics!,8,48,2024-08-02
868,766,71,Amazing Graphics!,2,98,2023-10-18
684,841,182,Amazing Graphics!,3,41,2024-03-09
108,337,257,OK,6,37,2024-02-11
678,870,145,Amazing Graphics!,7,9,2023-09-21
321,495,394,Amazing Graphics!,10,85,2024-05-28
309,198,936,Amazing Graphics!,9,46,2024-08-16
492,383,679,OK,7,7,2024-05-07
39,647,725,Amazing Graphics!,10,13,2023-12-24
303,726,165,This is so fun to play!,6,88,2024-02-04
786,279,482,Amazing Graphics!,1,3,2024-07-29
178,492,334,Amazing Graphics!,2,98,2024-05-16
361,708,412,This is so fun to play!,7,46,2024-08-08
464,534,490,OK,7,92,2024-01-21
959,413,678,This is so fun to play!,1,23,2023-11-01
195,387,992,Amazing Graphics!,10,2,2024-01-30
202,405,452,Amazing Graphics!,6,37,2023-12-24
318,317,378,OK,2,6,2023-11-23
99,686,784,OK,2,64,2024-03-17
342,725,497,Amazing Graphics!,4,10,2023-10-01
606,518,793,Amazing Graphics!,6,18,2024-08-14
171,557,120,This is so fun to play!,6,72,2024-04-28
286,301,669,Amazing Graphics!,2,7,2024-09-07
376,185,814,This is so fun to play!,5,68,2024-03-21
831,797,68,This is so fun to play!,9,38,2024-08-08
380,877,476,Amazing Graphics!,6,41,2023-09-21
757,608,761,Amazing Graphics!,2,82,2024-03-27
142,281,225,OK,2,84,2023-12-15
563,468,237,OK,3,29,2023-12-11
353,273,551,This is so fun to play!,10,83,2023-10-21
576,34,323,OK,7,55,2024-08-17
808,210,750,This is so fun to play!,9,46,2024-05-02
192,80,537,OK,7,70,2024-04-01
826,582,864,Amazing Graphics!,5,33,2024-03-22
206,844,694,Amazing Graphics!,8,44,2024-07-23
654,22,344,OK,2,20,2024-03-01
249,22,344,This is so fun to play!,10,4,2024-03-26
53,671,200,Amazing Graphics!,4,97,2024-06-27
129,720,305,OK,1,55,2023-12-18
791,846,266,OK,7,40,2024-02-03
508,932,342,This is so fun to play!,8,94,2024-07-13
47,865,226,Amazing Graphics!,5,29,2023-09-21
307,9,763,This is so fun to play!,6,54,2024-03-21
103,927,645,Amazing Graphics!,4,72,2024-01-04
11,436,852,Amazing Graphics!,1,15,2023-10-25
83,30,25,This is so fun to play!,3,31,2024-03-09
698,122,892,OK,3,32,2023-09-21
832,747,10,This is so fun to play!,7,50,2024-08-17
137,885,549,Amazing Graphics!,1,96,2024-02-16
982,477,914,This is so fun to play!,8,21,2023-12-16
898,927,645,This is so fun to play!,9,66,2024-01-01
182,520,170,This is so fun to play!,10,44,2024-06-12
132,141,376,OK,7,96,2024-03-21
972,722,155,OK,5,34,2024-03-21
407,781,755,This is so fun to play!,10,59,2024-08-15
694,854,533,OK,2,94,2024-01-17
649,977,64,Amazing Graphics!,2,8,2023-10-01
325,269,972,Amazing Graphics!,3,21,2024-08-08
969,613,125,This is so fun to play!,4,28,2024-08-31
290,153,573,This is so fun to play!,2,17,2024-08-11
141,403,240,This is so fun to play!,5,12,2024-09-06
969,308,869,This is so fun to play!,7,81,2023-12-30
903,183,727,Amazing Graphics!,3,5,2024-08-14
400,120,727,This is so fun to play!,6,42,2023-11-30
247,777,411,OK,9,52,2024-07-30
41,934,299,This is so fun to play!,4,64,2024-05-08
412,819,426,OK,8,63,2023-11-12
252,695,66,OK,3,94,2023-10-14
344,642,256,OK,2,8,2024-05-21
479,809,934,This is so fun to play!,2,79,2024-03-15
601,57,182,This is so fun to play!,4,70,2024-02-20
536,88,763,Amazing Graphics!,6,95,2023-09-20
181,921,726,This is so fun to play!,6,45,2024-04-11
38,935,909,OK,3,79,2024-08-01
404,37,662,Amazing Graphics!,9,55,2024-05-08
71,952,798,OK,6,11,2024-03-31
855,512,979,OK,1,27,2024-01-08
920,281,225,Amazing Graphics!,5,53,2023-12-23
612,780,92,Amazing Graphics!,4,94,2024-09-06
480,205,356,Amazing Graphics!,10,30,2024-09-14
133,368,950,OK,7,20,2023-12-15
89,137,13,This is so fun to play!,1,80,2024-08-06
714,553,484,OK,1,74,2024-05-27
166,334,931,OK,5,91,2023-11-15
2,104,446,This is so fun to play!,9,84,2023-12-26
369,533,904,OK,2,27,2024-05-27
106,860,561,This is so fun to play!,8,24,2023-10-01
384,453,163,This is so fun to play!,9,93,2023-11-02
944,511,123,OK,8,7,2024-01-12
588,864,282,Amazing Graphics!,10,21,2024-08-20
545,888,139,OK,10,21,2024-01-30
392,217,600,Amazing Graphics!,9,78,2024-06-09
577,352,464,This is so fun to play!,1,91,2024-06-09
260,160,140,Amazing Graphics!,1,25,2023-10-22
432,809,934,Amazing Graphics!,5,95,2023-12-15
760,787,909,Amazing Graphics!,2,38,2024-06-06
862,68,336,Amazing Graphics!,4,70,2023-11-14
389,52,751,Amazing Graphics!,9,36,2023-11-17
116,600,255,This is so fun to play!,4,32,2024-07-13
698,584,320,This is so fun to play!,6,56,2024-07-08
180,441,913,Amazing Graphics!,8,9,2023-11-21
140,409,121,Amazing Graphics!,4,99,2024-08-20
678,75,488,Amazing Graphics!,2,17,2023-12-01
215,571,659,OK,7,20,2024-07-29
917,908,708,OK,9,45,2024-03-15
711,677,211,This is so fun to play!,7,68,2024-06-06
384,169,216,Amazing Graphics!,4,22,2024-06-22
177,176,498,OK,7,17,2024-03-11
939,986,992,This is so fun to play!,9,93,2023-10-29
523,142,486,This is so fun to play!,8,59,2023-12-22
886,895,324,Amazing Graphics!,3,93,2023-09-30
94,767,990,Amazing Graphics!,7,33,2023-10-30
58,185,814,This is so fun to play!,5,22,2024-06-19
960,389,949,OK,8,60,2023-09-29
207,856,587,Amazing Graphics!,7,14,2023-12-13
935,56,633,Amazing Graphics!,3,45,2023-11-18
282,312,549,Amazing Graphics!,8,64,2024-06-21
910,928,739,Amazing Graphics!,9,77,2024-08-22
540,161,836,This is so fun to play!,9,46,2024-01-20
410,771,148,This is so fun to play!,6,60,2024-02-25
699,813,767,This is so fun to play!,7,28,2024-04-02
14,812,619,OK,4,52,2023-12-29
402,417,490,Amazing Graphics!,7,1,2024-08-08
93,926,177,OK,6,29,2024-02-23
793,129,648,Amazing Graphics!,10,10,2023-12-02
840,254,169,OK,7,31,2023-12-10
268,113,822,OK,4,94,2024-02-12
275,723,264,OK,8,79,2023-11-04
886,913,737,OK,9,87,2023-12-26
923,212,930,OK,6,23,2023-10-26
218,745,463,Amazing Graphics!,9,30,2024-06-28
281,752,168,Amazing Graphics!,4,87,2024-06-01
962,842,180,This is so fun to play!,6,18,2024-03-10
390,637,542,This is so fun to play!,6,8,2024-03-15
726,292,137,This is so fun to play!,7,77,2023-09-20
177,453,163,OK,4,16,2024-02-14
193,506,395,OK,9,61,2024-01-07
337,61,572,Amazing Graphics!,3,45,2024-02-27
88,379,442,OK,10,43,2024-07-17
72,529,561,Amazing Graphics!,9,91,2023-11-19
836,879,712,OK,8,38,2024-05-08
42,32,287,This is so fun to play!,1,80,2024-07-08
214,853,622,OK,6,38,2024-07-24
92,570,51,Amazing Graphics!,6,31,2023-12-03
845,380,997,Amazing Graphics!,6,81,2024-05-13
197,602,285,This is so fun to play!,6,42,2024-07-24
805,96,336,This is so fun to play!,5,35,2024-02-22
372,656,232,This is so fun to play!,4,38,2024-06-17
169,117,682,This is so fun to play!,5,51,2023-12-09
868,416,655,Amazing Graphics!,5,84,2023-10-02
949,452,317,OK,5,50,2024-07-06
733,854,533,This is so fun to play!,9,70,2023-11-20
722,236,421,Amazing Graphics!,5,54,2023-12-23
460,186,821,This is so fun to play!,8,48,2024-04-01
529,161,836,Amazing Graphics!,3,34,2024-04-18
537,185,814,Amazing Graphics!,2,83,2023-09-20
323,570,51,OK,6,28,2024-09-05
195,736,429,OK,5,68,2023-10-12
113,444,698,OK,4,81,2024-09-12
83,526,948,OK,4,82,2024-05-12
579,48,670,This is so fun to play!,1,56,2024-06-15
44,446,208,Amazing Graphics!,9,37,2024-06-05
228,212,930,OK,3,69,2024-01-23
987,566,521,OK,7,68,2024-08-30
748,82,389,OK,8,18,2024-04-20
657,269,972,This is so fun to play!,10,83,2024-05-28
74,865,226,OK,4,27,2024-05-09
818,79,646,This is so fun to play!,4,37,2024-07-31
307,179,824,OK,6,32,2023-09-29
774,454,633,OK,10,1,2024-04-07
502,990,237,OK,6,6,2023-09-24
763,284,891,OK,6,87,2024-06-10
656,437,681,Amazing Graphics!,9,25,2024-08-09
6,575,973,This is so fun to play!,6,53,2024-05-26
880,539,45,Amazing Graphics!,5,90,2024-01-23
755,410,352,This is so fun to play!,10,24,2024-05-25
25,736,429,This is so fun to play!,1,34,2023-11-14
873,332,751,Amazing Graphics!,3,82,2024-06-09
576,572,724,OK,4,85,2024-05-16
689,715,572,OK,7,10,2024-07-07
593,245,426,This is so fun to play!,1,16,2024-07-24
54,992,727,This is so fun to play!,3,38,2024-02-12
166,529,561,This is so fun to play!,3,86,2024-06-25
669,295,715,Amazing Graphics!,1,54,2024-04-23
477,188,741,OK,9,22,2024-09-09
765,378,186,Amazing Graphics!,1,92,2023-10-07
345,66,676,Amazing Graphics!,2,94,2024-03-13
593,333,336,Amazing Graphics!,9,72,2024-08-01
795,775,303,OK,8,1,2024-02-10
241,523,207,OK,1,29,2023-09-24
581,853,622,Amazing Graphics!,10,86,2024-05-22
34,653,228,This is so fun to play!,10,59,2024-03-10
798,528,337,OK,3,18,2024-04-05
644,76,856,Amazing Graphics!,2,46,2024-07-03
603,183,727,OK,2,11,2024-02-12
76,887,831,This is so fun to play!,1,99,2024-03-22
406,521,178,OK,4,79,2023-12-03
5,649,753,Amazing Graphics!,3,37,2023-11-17
560,205,356,This is so fun to play!,2,92,2024-02-13
309,944,447,OK,8,1,2024-02-23
48,543,144,This is so fun to play!,9,42,2023-12-19
214,974,66,OK,9,34,2024-02-11
810,247,337,Amazing Graphics!,4,76,2024-07-05
696,173,679,This is so fun to play!,1,77,2024-08-11
776,700,593,This is so fun to play!,6,78,2024-02-21
639,506,395,Amazing Graphics!,7,51,2023-12-01
299,934,299,This is so fun to play!,4,31,2024-04-24
304,758,774,OK,4,79,2023-12-26
424,722,155,This is so fun to play!,7,65,2023-10-13
974,658,40,Amazing Graphics!,5,88,2023-12-06
216,897,697,OK,3,92,2024-02-08
949,757,736,This is so fun to play!,10,16,2024-03-14
862,731,92,OK,9,4,2024-06-08
719,576,498,Amazing Graphics!,6,9,2024-04-18
909,12,278,This is so fun to play!,8,56,2024-04-22
610,117,682,Amazing Graphics!,3,42,2023-12-20
657,671,200,OK,3,72,2024-02-13
534,393,34,This is so fun to play!,10,64,2024-08-27
761,811,813,This is so fun to play!,4,91,2023-11-07
213,702,205,OK,6,19,2023-10-07
893,284,891,This is so fun to play!,10,8,2024-03-20
871,684,254,Amazing Graphics!,1,31,2024-01-07
166,315,192,Amazing Graphics!,4,94,2024-05-04
795,958,410,Amazing Graphics!,2,55,2024-07-18
295,670,400,OK,6,65,2024-09-13
380,530,695,OK,7,77,2024-04-23
175,696,937,Amazing Graphics!,9,80,2024-01-29
294,660,170,This is so fun to play!,3,62,2024-07-08
181,196,675,Amazing Graphics!,7,47,2024-05-19
68,555,385,Amazing Graphics!,6,21,2024-05-30
486,285,173,This is so fun to play!,9,36,2024-04-20
1001,802,481,This is so fun to play!,6,38,2023-10-23
234,593,877,This is so fun to play!,5,77,2023-10-22
457,389,949,This is so fun to play!,4,56,2024-04-10
685,404,17,Amazing Graphics!,1,6,2023-10-08
802,435,554,This is so fun to play!,3,42,2024-03-03
936,918,933,This is so fun to play!,8,59,2024-01-24
879,495,394,OK,9,33,2024-06-27
382,758,774,This is so fun to play!,8,57,2024-02-01
141,769,155,Amazing Graphics!,7,5,2023-10-26
958,130,272,This is so fun to play!,3,79,2024-03-17
397,793,498,OK,8,96,2024-08-20
517,700,593,Amazing Graphics!,2,47,2023-12-06
806,312,549,OK,6,85,2023-10-09
490,393,34,Amazing Graphics!,1,48,2024-03-17
97,330,982,OK,9,89,2024-08-28
408,739,757,This is so fun to play!,7,72,2024-04-06
889,99,23,Amazing Graphics!,2,71,2024-04-25
615,445,236,This is so fun to play!,3,92,2023-09-24
941,472,260,This is so fun to play!,8,67,2024-05-07
370,755,619,This is so fun to play!,3,64,2024-02-19
439,205,356,OK,1,99,2024-04-04
165,391,484,This is so fun to play!,8,23,2024-05-19
702,426,763,OK,8,48,2023-11-07
508,302,84,This is so fun to play!,1,23,2024-08-13
921,502,796,OK,9,34,2023-10-16
53,846,266,This is so fun to play!,2,33,2023-11-11
471,944,447,OK,8,42,2024-02-18
874,60,385,This is so fun to play!,6,78,2024-03-16
412,920,279,Amazing Graphics!,3,31,2024-05-07
580,408,364,Amazing Graphics!,5,62,2024-09-07
766,900,722,Amazing Graphics!,2,96,2023-11-29
942,386,118,This is so fun to play!,8,67,2024-08-07
789,237,750,This is so fun to play!,4,56,2024-08-11
54,145,534,This is so fun to play!,7,11,2023-10-07
21,132,142,OK,10,59,2023-09-21
863,512,979,Amazing Graphics!,6,20,2024-06-16
421,454,633,Amazing Graphics!,10,21,2023-11-30
448,606,330,Amazing Graphics!,8,10,2024-04-21
82,881,215,OK,10,18,2023-10-17
89,955,277,This is so fun to play!,6,8,2023-09-23
935,806,458,This is so fun to play!,10,35,2024-02-05
616,655,758,Amazing Graphics!,7,89,2024-03-18
313,579,489,Amazing Graphics!,2,93,2024-05-19
496,103,72,Amazing Graphics!,2,87,2024-04-03
294,534,490,This is so fun to play!,5,4,2024-09-11
564,584,320,OK,9,10,2024-09-03
272,711,538,Amazing Graphics!,5,4,2024-05-07
852,769,155,This is so fun to play!,9,16,2024-06-17
890,205,356,Amazing Graphics!,7,76,2024-06-01
579,965,151,Amazing Graphics!,2,97,2024-05-07
398,131,474,OK,6,52,2024-03-16
243,336,826,Amazing Graphics!,7,30,2024-06-02
263,394,103,This is so fun to play!,5,96,2024-05-26
331,978,115,This is so fun to play!,7,26,2024-03-11
272,922,617,Amazing Graphics!,4,84,2023-10-31
846,667,882,OK,5,47,2024-06-22
60,108,647,Amazing Graphics!,9,54,2023-12-15
158,114,657,OK,7,4,2024-02-12
377,334,931,OK,7,11,2023-11-23
506,380,997,This is so fun to play!,8,22,2023-12-04
369,932,342,Amazing Graphics!,7,88,2023-10-18
672,322,43,This is so fun to play!,3,35,2023-12-24
732,970,179,OK,1,80,2024-06-04
64,481,391,OK,4,32,2024-07-29
389,877,476,OK,1,66,2024-04-15
161,392,589,Amazing Graphics!,8,36,2024-02-07
769,836,60,OK,8,3,2024-03-18
668,603,443,OK,3,6,2024-02-19
674,888,139,OK,8,40,2024-07-01
997,288,98,This is so fun to play!,8,24,2024-01-02
649,404,17,Amazing Graphics!,4,83,2024-07-05
127,445,236,OK,2,16,2024-01-06
385,888,139,OK,9,69,2023-12-03
564,848,909,Amazing Graphics!,1,30,2024-07-14
214,773,832,OK,10,27,2024-05-03
188,970,179,Amazing Graphics!,10,96,2024-09-06
249,949,849,This is so fun to play!,4,72,2024-08-25
247,745,463,Amazing Graphics!,9,68,2024-01-14
706,318,530,This is so fun to play!,6,72,2024-07-10
908,344,576,OK,1,56,2024-06-18
78,233,531,This is so fun to play!,9,7,2024-08-19
179,230,887,This is so fun to play!,9,32,2023-09-28
200,691,634,This is so fun to play!,5,25,2024-08-23
867,569,243,This is so fun to play!,3,13,2024-02-27
819,307,198,Amazing Graphics!,8,7,2024-08-07
985,453,163,Amazing Graphics!,4,88,2024-03-11
29,959,161,Amazing Graphics!,3,70,2023-12-03
649,933,129,OK,4,64,2023-09-24
498,192,84,OK,7,64,2024-08-15
252,752,168,OK,1,83,2024-09-10
643,394,103,OK,5,84,2024-06-12
406,903,435,OK,2,2,2024-09-04
230,962,727,This is so fun to play!,3,86,2024-07-16
502,264,329,This is so fun to play!,2,58,2024-08-09
867,188,741,This is so fun to play!,9,92,2024-07-31
311,872,493,OK,4,15,2024-01-30
93,461,515,This is so fun to play!,8,47,2023-09-19
919,101,628,This is so fun to play!,7,42,2024-04-06
306,141,376,Amazing Graphics!,3,49,2024-06-10
460,367,796,This is so fun to play!,7,26,2024-08-13
382,582,864,OK,8,16,2024-06-05
636,161,836,This is so fun to play!,4,2,2024-06-16
525,344,576,Amazing Graphics!,1,69,2024-07-16
882,797,68,This is so fun to play!,10,3,2024-04-28
536,848,909,OK,6,85,2023-11-17
635,90,430,This is so fun to play!,1,42,2024-06-13
146,768,925,This is so fun to play!,10,24,2023-10-22
472,889,538,This is so fun to play!,2,83,2024-06-25
691,546,425,OK,8,90,2024-07-09
824,970,179,Amazing Graphics!,2,40,2023-10-26
767,502,796,Amazing Graphics!,2,26,2024-04-08
216,581,762,OK,4,10,2024-07-16
444,202,955,OK,9,56,2023-11-30
846,524,506,Amazing Graphics!,6,30,2024-08-26
942,570,51,This is so fun to play!,7,98,2024-08-03
857,2,948,OK,5,29,2023-12-24
872,823,972,OK,5,89,2024-01-28
853,54,84,This is so fun to play!,6,83,2024-04-23
620,917,707,OK,8,65,2024-06-18
147,650,197,Amazing Graphics!,4,17,2024-03-24
972,336,826,OK,7,56,2024-09-13
8,998,550,This is so fun to play!,3,22,2024-07-01
551,385,755,OK,6,13,2024-09-06
881,961,334,This is so fun to play!,8,91,2024-05-19
100,667,882,This is so fun to play!,3,91,2024-04-22
889,46,783,OK,4,48,2024-01-16
833,497,664,Amazing Graphics!,9,27,2024-05-13
690,189,13,Amazing Graphics!,2,7,2023-11-10
499,562,35,This is so fun to play!,6,15,2023-12-18
90,320,89,OK,10,37,2023-09-30
237,13,7,OK,5,33,2023-11-05
638,994,415,OK,7,24,2024-03-18
88,118,407,OK,1,73,2024-08-12
920,894,806,Amazing Graphics!,5,23,2024-01-31
148,449,182,Amazing Graphics!,3,47,2024-07-24
322,109,784,OK,1,82,2024-06-24
730,226,766,This is so fun to play!,9,85,2023-12-06
873,888,139,Amazing Graphics!,8,18,2023-11-24
3,770,224,OK,9,50,2023-11-27
740,523,207,Amazing Graphics!,8,70,2024-08-02
59,517,715,Amazing Graphics!,3,26,2024-05-31
698,986,992,This is so fun to play!,5,23,2024-04-12
771,403,240,Amazing Graphics!,6,61,2023-09-27
766,804,317,Amazing Graphics!,4,4,2024-03-12
244,329,12,OK,7,75,2023-10-24
37,809,934,This is so fun to play!,5,7,2024-04-19
327,951,499,OK,6,94,2024-07-20
421,845,450,Amazing Graphics!,4,48,2024-05-15
416,237,750,This is so fun to play!,10,39,2024-02-14
730,322,43,This is so fun to play!,6,1,2023-10-31
569,726,165,This is so fun to play!,5,42,2023-11-20
535,197,621,OK,8,23,2024-01-20
403,569,243,OK,6,49,2023-12-17
366,890,612,Amazing Graphics!,7,98,2024-03-09
254,284,891,OK,3,90,2024-08-23
980,417,490,Amazing Graphics!,5,14,2024-05-04
438,229,872,Amazing Graphics!,5,52,2024-07-23
248,268,36,Amazing Graphics!,3,54,2024-02-16
884,341,406,OK,8,88,2024-03-07
884,857,859,This is so fun to play!,5,94,2024-03-02
329,405,452,Amazing Graphics!,6,5,2023-11-27
439,99,23,This is so fun to play!,10,48,2024-03-28
145,336,826,OK,1,40,2024-01-12
768,460,891,This is so fun to play!,10,53,2024-09-08
445,325,332,Amazing Graphics!,10,10,2024-07-08
928,981,373,OK,7,4,2023-12-01
702,651,34,OK,4,64,2024-07-21
694,978,115,OK,2,21,2024-03-07
128,673,481,Amazing Graphics!,2,85,2024-06-23
111,653,228,OK,7,83,2023-09-18
321,472,260,OK,6,82,2024-03-24
227,979,918,OK,2,80,2024-02-16
263,296,855,Amazing Graphics!,5,34,2024-08-17
823,407,865,OK,10,49,2024-06-14
444,471,387,OK,2,30,2023-10-06
40,753,917,Amazing Graphics!,2,75,2024-05-03
966,612,492,Amazing Graphics!,3,45,2023-11-25
704,62,624,This is so fun to play!,1,41,2024-06-09
158,699,340,OK,10,19,2023-11-29
842,431,726,Amazing Graphics!,1,7,2024-09-14
613,724,605,This is so fun to play!,8,94,2024-01-16
832,958,410,OK,3,22,2024-09-14
185,505,631,Amazing Graphics!,8,2,2024-01-09
768,766,71,Amazing Graphics!,2,70,2024-07-04
822,48,670,OK,6,19,2023-10-14
60,764,512,Amazing Graphics!,3,74,2024-07-25
854,6,659,This is so fun to play!,2,67,2024-05-16
769,496,915,OK,4,27,2023-10-20
914,46,783,This is so fun to play!,9,9,2023-09-20
732,61,572,This is so fun to play!,3,35,2024-05-13
717,274,696,OK,10,17,2024-09-01
330,245,426,OK,5,44,2024-09-15
761,274,696,OK,6,24,2024-09-05
274,228,345,This is so fun to play!,8,4,2024-03-08
483,303,299,This is so fun to play!,6,59,2024-04-26
218,781,755,Amazing Graphics!,4,11,2023-12-27
93,145,534,This is so fun to play!,2,60,2024-01-15
38,718,889,Amazing Graphics!,5,58,2024-07-09
265,968,957,OK,6,71,2024-03-05
676,827,945,This is so fun to play!,1,93,2024-05-30
317,263,801,This is so fun to play!,8,86,2023-11-11
786,650,197,Amazing Graphics!,5,89,2023-12-02
508,571,659,OK,3,49,2024-05-27
199,445,236,Amazing Graphics!,3,91,2024-09-05
899,915,824,Amazing Graphics!,10,94,2024-04-18
580,669,761,This is so fun to play!,1,48,2024-02-19
925,76,856,Amazing Graphics!,1,79,2024-08-01
199,581,762,This is so fun to play!,8,51,2023-10-14
153,588,634,OK,9,36,2023-09-18
233,438,544,OK,7,30,2024-09-11
767,302,84,Amazing Graphics!,10,26,2024-01-01
410,594,722,OK,9,45,2024-04-23
749,682,616,This is so fun to play!,3,91,2024-01-03
323,312,549,This is so fun to play!,8,82,2024-02-28
902,196,675,OK,6,87,2023-12-29
202,355,455,Amazing Graphics!,1,29,2024-03-10
856,888,139,OK,5,6,2024-05-29
640,659,752,This is so fun to play!,2,95,2024-03-24
973,16,710,OK,8,42,2023-12-26
187,185,814,Amazing Graphics!,9,71,2023-10-30
769,899,575,OK,2,13,2023-11-26
388,526,948,This is so fun to play!,7,22,2023-11-11
524,985,53,OK,1,78,2024-04-17
279,353,329,This is so fun to play!,6,10,2024-04-09
149,880,306,Amazing Graphics!,9,91,2024-06-29
251,896,22,Amazing Graphics!,8,46,2024-07-16
513,31,534,Amazing Graphics!,6,6,2024-06-24
987,516,432,Amazing Graphics!,2,22,2024-01-09
212,960,43,OK,2,52,2024-05-08
749,691,634,This is so fun to play!,10,86,2024-04-30
817,387,992,OK,6,67,2023-10-31
228,978,115,This is so fun to play!,1,96,2024-07-02
658,111,921,Amazing Graphics!,9,9,2024-01-19
681,37,662,This is so fun to play!,9,59,2024-02-03
904,251,793,Amazing Graphics!,2,81,2024-05-20
773,215,143,Amazing Graphics!,4,68,2024-02-03
69,284,891,Amazing Graphics!,8,44,2024-05-28
223,144,37,OK,6,87,2024-08-06
938,591,299,Amazing Graphics!,8,21,2024-04-09
288,81,286,This is so fun to play!,4,91,2024-03-06
417,491,369,This is so fun to play!,5,84,2024-08-22
259,857,859,Amazing Graphics!,9,34,2024-07-25
435,406,682,OK,1,36,2024-05-18
434,245,426,Amazing Graphics!,2,23,2024-06-11
28,729,342,This is so fun to play!,1,40,2024-05-23
986,969,661,This is so fun to play!,5,4,2024-03-10
569,357,243,OK,9,91,2024-09-09
999,833,558,Amazing Graphics!,3,74,2024-06-17
77,918,933,This is so fun to play!,8,79,2023-11-20
972,647,725,Amazing Graphics!,4,9,2023-09-20
450,540,721,This is so fun to play!,8,77,2024-09-15
883,87,319,OK,5,43,2024-03-22
922,972,666,OK,2,83,2024-05-26
114,544,206,This is so fun to play!,6,42,2024-07-08
198,359,529,Amazing Graphics!,9,18,2024-03-20
491,213,941,OK,7,64,2024-03-31
73,738,725,OK,7,2,2024-02-12
399,990,237,Amazing Graphics!,9,70,2023-10-02
931,927,645,OK,10,16,2023-11-19
37,17,66,OK,3,42,2024-08-28
435,258,707,OK,5,44,2024-01-24
691,747,10,Amazing Graphics!,1,16,2023-09-27
296,365,20,This is so fun to play!,9,2,2024-05-16
312,896,22,This is so fun to play!,2,52,2024-04-03
583,644,552,Amazing Graphics!,8,64,2024-08-30
69,312,549,OK,4,98,2023-12-31
138,53,941,OK,1,23,2024-04-16
296,51,342,This is so fun to play!,10,11,2024-04-01
256,862,559,This is so fun to play!,9,57,2023-11-27
42,995,111,This is so fun to play!,6,42,2024-01-19
243,77,272,OK,5,2,2024-03-29
768,431,726,This is so fun to play!,4,4,2023-11-19
966,343,310,OK,10,64,2023-12-09
791,230,887,This is so fun to play!,1,25,2024-03-26
623,286,1000,This is so fun to play!,7,82,2024-06-14
557,124,622,OK,4,61,2024-08-22
351,264,329,OK,6,37,2024-06-29
539,390,233,Amazing Graphics!,3,80,2024-06-23
46,556,92,Amazing Graphics!,2,77,2024-07-05
703,320,89,Amazing Graphics!,3,70,2023-12-08
501,769,155,Amazing Graphics!,2,80,2024-02-05
172,421,84,This is so fun to play!,5,29,2024-05-24
90,921,726,This is so fun to play!,2,52,2023-12-10
581,359,529,This is so fun to play!,7,38,2024-08-16
953,728,721,This is so fun to play!,2,62,2023-12-18
171,950,924,This is so fun to play!,5,92,2024-06-05
981,853,622,This is so fun to play!,5,14,2024-02-07
915,875,108,This is so fun to play!,6,89,2024-08-05
344,884,572,This is so fun to play!,9,52,2024-08-05
609,226,766,This is so fun to play!,2,80,2023-11-22
716,710,932,This is so fun to play!,10,70,2024-04-28
788,782,894,Amazing Graphics!,5,29,2024-03-10
649,252,89,OK,3,63,2024-01-26
708,785,44,This is so fun to play!,4,22,2023-12-26
723,398,552,OK,4,15,2024-07-27
220,52,751,Amazing Graphics!,5,32,2023-11-24
649,206,512,This is so fun to play!,2,16,2024-04-17
177,820,335,Amazing Graphics!,6,6,2024-06-17
517,72,89,This is so fun to play!,1,20,2024-08-22
538,292,137,Amazing Graphics!,5,66,2024-06-20
560,634,398,This is so fun to play!,1,82,2023-10-05
281,396,957,Amazing Graphics!,2,32,2023-10-24
349,673,481,Amazing Graphics!,1,45,2024-05-08
264,843,975,Amazing Graphics!,4,70,2024-02-19
63,654,814,This is so fun to play!,9,33,2023-12-02
665,319,169,OK,4,7,2023-12-30
994,624,629,OK,7,44,2024-06-14
406,805,701,OK,8,85,2024-08-29
242,471,387,Amazing Graphics!,3,73,2024-06-21
421,789,778,OK,5,79,2024-08-18
412,858,377,Amazing Graphics!,7,39,2023-11-27
192,892,199,Amazing Graphics!,2,78,2024-01-29
162,267,493,This is so fun to play!,9,57,2024-09-02
143,310,286,Amazing Graphics!,3,89,2024-07-10
992,969,661,OK,6,57,2023-11-06
358,625,475,This is so fun to play!,3,52,2024-05-14
932,974,66,OK,10,32,2024-04-28
449,632,209,OK,4,34,2024-07-18
202,240,558,Amazing Graphics!,5,3,2024-07-22
844,791,66,OK,7,65,2024-02-25
662,111,921,OK,3,6,2024-04-11
306,607,988,Amazing Graphics!,8,56,2024-01-02
267,16,710,Amazing Graphics!,4,31,2024-02-04
355,596,337,Amazing Graphics!,4,36,2024-04-04
722,530,695,OK,1,99,2024-08-15
99,238,635,This is so fun to play!,10,48,2024-08-14
261,614,411,OK,9,94,2024-06-10
67,105,117,This is so fun to play!,7,75,2024-04-24
437,981,373,This is so fun to play!,5,78,2024-05-15
599,839,349,Amazing Graphics!,3,7,2024-07-04
920,88,763,OK,5,59,2024-06-22
231,578,406,This is so fun to play!,5,16,2024-08-28
722,124,622,OK,3,69,2023-09-18
470,387,992,This is so fun to play!,10,77,2023-12-19
982,6,659,This is so fun to play!,9,37,2023-11-09
126,364,180,OK,9,37,2023-09-18
358,422,554,This is so fun to play!,4,76,2023-10-01
569,689,12,This is so fun to play!,10,65,2024-06-27
621,842,180,Amazing Graphics!,7,28,2024-06-19
275,888,139,OK,10,48,2023-09-24
949,312,549,OK,3,71,2024-06-08
660,98,767,Amazing Graphics!,4,94,2024-04-04
820,785,44,OK,4,64,2024-08-20
670,915,824,OK,9,62,2024-01-18
496,788,584,OK,7,4,2024-01-31
356,729,342,Amazing Graphics!,3,5,2024-07-15
935,157,285,This is so fun to play!,1,63,2024-08-30
243,375,7,Amazing Graphics!,3,48,2024-04-04
45,21,32,OK,10,24,2024-02-13
696,938,300,This is so fun to play!,5,97,2024-05-04
271,190,834,Amazing Graphics!,7,91,2024-02-18
475,966,726,Amazing Graphics!,10,87,2023-09-27
378,294,855,This is so fun to play!,9,99,2024-03-31
46,440,541,Amazing Graphics!,9,70,2024-07-01
984,798,316,This is so fun to play!,6,24,2024-08-30
577,153,573,This is so fun to play!,4,15,2023-10-30
789,136,97,OK,6,38,2024-01-10
68,609,600,Amazing Graphics!,6,12,2023-10-20
65,37,662,Amazing Graphics!,5,60,2023-11-21
10,506,395,Amazing Graphics!,5,90,2023-10-06
442,339,666,This is so fun to play!,10,73,2024-04-13
304,774,119,Amazing Graphics!,10,1,2024-01-20
484,441,913,OK,2,52,2023-12-15
67,598,367,OK,7,37,2023-10-27
837,147,693,This is so fun to play!,7,50,2024-09-12
215,352,464,This is so fun to play!,4,6,2024-08-07
256,398,552,OK,10,77,2024-07-05
902,196,675,This is so fun to play!,6,45,2024-03-12
176,47,322,Amazing Graphics!,3,60,2024-02-13
3,53,941,This is so fun to play!,8,4,2024-09-12
74,219,169,Amazing Graphics!,7,63,2023-10-29
961,578,406,This is so fun to play!,6,81,2024-05-05
404,674,977,Amazing Graphics!,9,39,2023-10-10
434,151,997,Amazing Graphics!,1,76,2024-05-13
325,945,556,This is so fun to play!,7,18,2023-09-21
783,496,915,This is so fun to play!,3,34,2024-02-21
780,335,629,Amazing Graphics!,7,18,2023-09-25
90,284,891,This is so fun to play!,9,16,2024-04-23
982,980,445,This is so fun to play!,4,68,2024-02-29
371,178,689,Amazing Graphics!,10,83,2024-01-07
425,697,796,Amazing Graphics!,5,16,2024-07-22
563,426,763,Amazing Graphics!,1,32,2024-06-11
757,111,921,Amazing Graphics!,7,67,2024-04-04
949,680,713,Amazing Graphics!,9,22,2024-03-31
423,498,827,Amazing Graphics!,8,80,2023-09-18
624,976,688,OK,9,25,2024-02-22
693,614,411,This is so fun to play!,3,81,2024-06-03
682,218,767,Amazing Graphics!,9,93,2024-06-28
83,674,977,OK,4,75,2024-01-20
281,728,721,This is so fun to play!,4,35,2024-01-01
884,760,699,OK,8,79,2024-04-30
655,337,257,Amazing Graphics!,9,34,2024-03-20
484,348,929,This is so fun to play!,3,38,2024-01-05
547,49,769,This is so fun to play!,2,11,2024-02-07
92,981,373,This is so fun to play!,5,20,2024-08-28
810,464,231,This is so fun to play!,10,48,2024-09-10
430,440,541,OK,4,94,2024-08-26
853,237,750,Amazing Graphics!,4,68,2023-10-05
113,355,455,This is so fun to play!,4,16,2024-06-08
535,533,904,Amazing Graphics!,2,2,2024-02-10
954,378,186,OK,3,13,2023-10-10
565,340,830,Amazing Graphics!,1,42,2024-07-05
49,402,129,Amazing Graphics!,6,33,2024-04-01
120,967,611,Amazing Graphics!,9,13,2024-07-05
620,740,48,Amazing Graphics!,5,50,2024-07-21
761,493,612,This is so fun to play!,10,76,2023-12-31
278,57,182,OK,5,63,2024-01-13
92,897,697,Amazing Graphics!,5,30,2024-04-10
267,785,44,Amazing Graphics!,9,27,2023-11-22
632,765,592,Amazing Graphics!,2,16,2023-09-18
836,277,701,OK,3,17,2023-10-14
264,924,901,This is so fun to play!,9,51,2024-06-13
145,58,379,This is so fun to play!,2,58,2024-04-29
166,283,785,Amazing Graphics!,4,37,2024-06-06
832,256,841,This is so fun to play!,5,33,2024-06-30
857,57,182,This is so fun to play!,4,24,2024-05-01
546,743,836,Amazing Graphics!,9,69,2024-04-29
300,892,199,Amazing Graphics!,1,5,2023-12-10
147,230,887,OK,6,3,2024-09-09
451,409,121,Amazing Graphics!,1,20,2024-03-26
724,940,509,Amazing Graphics!,5,64,2024-05-15
899,348,929,Amazing Graphics!,1,55,2024-04-26
449,955,277,OK,4,36,2024-01-22
51,76,856,This is so fun to play!,1,12,2024-04-19
576,584,320,Amazing Graphics!,3,48,2024-06-24
679,878,122,Amazing Graphics!,6,95,2024-06-16
969,768,925,This is so fun to play!,9,90,2024-01-27
426,340,830,OK,6,12,2023-11-17
564,161,836,Amazing Graphics!,1,30,2023-10-24
865,958,410,Amazing Graphics!,6,10,2024-02-05
427,347,523,OK,10,12,2024-09-05
626,740,48,Amazing Graphics!,8,13,2024-05-08
715,693,799,Amazing Graphics!,2,80,2024-05-29
185,681,954,This is so fun to play!,7,68,2024-08-02
331,424,595,Amazing Graphics!,5,94,2024-06-17
596,728,721,Amazing Graphics!,4,17,2023-11-29
531,706,264,OK,6,5,2023-10-24
271,97,871,This is so fun to play!,5,91,2024-06-29
736,969,661,OK,3,5,2024-04-23
68,226,766,Amazing Graphics!,5,57,2024-07-19
46,453,163,OK,9,34,2024-06-05
429,29,983,OK,8,86,2024-01-03
479,682,616,Amazing Graphics!,7,43,2024-05-26
678,934,299,Amazing Graphics!,6,66,2024-05-08
73,580,293,OK,2,14,2024-07-23
109,698,38,Amazing Graphics!,4,73,2024-04-07
728,796,316,OK,1,6,2023-12-29
743,650,197,Amazing Graphics!,1,76,2024-08-29
308,19,994,Amazing Graphics!,7,71,2024-08-30
868,713,595,OK,6,29,2024-08-10
902,614,411,OK,2,7,2023-11-21
187,279,482,OK,7,68,2024-07-24
20,186,821,Amazing Graphics!,3,68,2024-04-12
797,824,338,This is so fun to play!,1,14,2024-01-06
511,821,110,OK,1,88,2024-02-05
335,2,948,Amazing Graphics!,7,70,2024-08-28
107,823,972,OK,1,56,2024-05-18
512,384,69,Amazing Graphics!,3,58,2024-07-02
393,679,725,Amazing Graphics!,7,96,2024-07-16
882,388,557,This is so fun to play!,6,21,2024-01-20
26,692,467,Amazing Graphics!,5,70,2024-05-04
126,536,199,This is so fun to play!,2,19,2024-01-04
701,286,1000,This is so fun to play!,4,54,2024-09-11
741,658,40,This is so fun to play!,9,43,2024-04-12
298,241,977,This is so fun to play!,1,35,2024-02-13
668,97,871,This is so fun to play!,2,20,2024-03-08
803,904,766,Amazing Graphics!,10,47,2024-04-29
401,536,199,OK,6,1,2023-11-14
236,593,877,Amazing Graphics!,4,67,2024-05-29
922,809,934,This is so fun to play!,3,5,2024-01-03
518,543,144,Amazing Graphics!,8,81,2024-06-15
27,706,264,This is so fun to play!,10,9,2024-03-13
457,711,538,This is so fun to play!,8,81,2024-02-18
420,231,714,Amazing Graphics!,7,13,2024-05-23
550,285,173,This is so fun to play!,1,78,2023-12-12
325,419,800,OK,8,54,2024-09-03
498,607,988,OK,2,23,2024-01-12
536,809,934,This is so fun to play!,3,10,2024-05-04
553,254,169,This is so fun to play!,6,43,2024-03-30
201,516,432,OK,6,73,2024-06-03
175,2,948,This is so fun to play!,3,29,2023-10-26
723,739,757,This is so fun to play!,2,38,2024-08-12
126,778,12,Amazing Graphics!,1,47,2024-06-25
908,458,606,This is so fun to play!,10,63,2024-01-28
643,127,312,This is so fun to play!,3,87,2023-12-21
702,19,994,OK,4,75,2024-02-20
968,387,992,This is so fun to play!,5,73,2024-05-05
175,162,915,Amazing Graphics!,1,31,2024-09-06
549,847,271,OK,6,30,2024-09-08
533,552,186,This is so fun to play!,1,1,2023-09-18
690,441,913,Amazing Graphics!,2,15,2024-04-12
638,75,488,Amazing Graphics!,8,84,2023-10-30
127,947,352,This is so fun to play!,5,53,2024-02-27
154,486,289,OK,8,93,2024-06-12
847,961,334,This is so fun to play!,2,99,2023-09-28
515,859,588,This is so fun to play!,7,83,2024-04-29
308,532,199,This is so fun to play!,8,46,2023-12-21
686,563,53,OK,5,86,2024-06-05
619,894,806,This is so fun to play!,10,89,2024-07-11
665,181,21,OK,6,36,2024-03-29
782,257,104,Amazing Graphics!,10,81,2024-08-18
973,588,634,OK,2,83,2024-04-05
27,573,858,This is so fun to play!,6,40,2024-08-02
88,893,528,OK,8,25,2024-04-10
548,916,341,This is so fun to play!,3,93,2024-07-09
421,922,617,This is so fun to play!,2,2,2024-03-26
813,975,819,This is so fun to play!,8,25,2024-09-16
402,878,122,OK,6,71,2024-08-16
913,663,233,OK,8,33,2024-07-19
280,597,195,OK,5,29,2024-05-17
677,494,731,OK,1,64,2024-04-06
504,926,177,OK,5,4,2024-03-26
591,756,840,OK,4,35,2023-10-22
707,335,629,This is so fun to play!,4,38,2024-07-24
252,8,633,Amazing Graphics!,7,46,2024-07-22
125,964,798,This is so fun to play!,5,41,2024-02-16
325,762,158,This is so fun to play!,5,92,2023-10-31
584,324,698,This is so fun to play!,2,61,2023-09-19
89,272,760,Amazing Graphics!,8,63,2023-10-18
194,355,455,This is so fun to play!,3,68,2023-09-25
398,565,819,This is so fun to play!,9,66,2023-10-25
980,204,22,This is so fun to play!,7,84,2023-10-28
85,525,705,OK,4,55,2023-09-21
57,49,769,OK,1,86,2023-11-10
698,793,498,OK,7,53,2023-11-29
288,482,358,This is so fun to play!,7,59,2024-03-18
889,231,714,OK,1,61,2023-10-24
625,828,729,Amazing Graphics!,2,19,2024-08-15
485,814,512,This is so fun to play!,7,8,2024-05-11
360,30,25,OK,2,10,2024-01-16
911,162,915,OK,4,64,2023-11-05
509,366,515,OK,2,12,2023-11-09
610,867,142,This is so fun to play!,7,62,2024-07-10
692,543,144,This is so fun to play!,4,55,2024-07-03
927,270,691,Amazing Graphics!,9,30,2024-04-27
379,924,901,OK,7,49,2024-05-03
843,812,619,This is so fun to play!,5,45,2024-08-03
504,413,678,This is so fun to play!,4,70,2024-06-28
682,827,945,This is so fun to play!,8,2,2023-10-19
35,66,676,Amazing Graphics!,9,29,2023-10-28
910,503,670,OK,1,29,2024-08-11
31,238,635,Amazing Graphics!,6,39,2024-03-28
678,873,606,OK,4,45,2024-09-02
116,840,339,Amazing Graphics!,5,52,2024-04-27
734,433,648,This is so fun to play!,7,63,2024-03-10
54,973,729,This is so fun to play!,10,31,2023-12-05
547,626,894,This is so fun to play!,9,54,2023-12-28
187,567,888,This is so fun to play!,7,98,2024-07-16
345,262,188,This is so fun to play!,5,54,2023-12-28
580,609,600,OK,5,31,2024-06-30
129,987,277,Amazing Graphics!,5,87,2023-10-23
516,874,205,OK,8,33,2023-11-06
594,536,199,Amazing Graphics!,4,36,2023-09-21
881,653,228,Amazing Graphics!,2,33,2024-03-23
703,233,531,OK,4,52,2023-12-22
901,328,118,This is so fun to play!,3,23,2024-07-17
64,976,688,Amazing Graphics!,5,51,2024-08-30
614,535,310,OK,7,70,2024-07-29
793,858,377,This is so fun to play!,6,41,2024-02-19
667,897,697,OK,7,24,2023-09-23
179,353,329,Amazing Graphics!,6,81,2023-11-09
927,422,554,This is so fun to play!,4,3,2024-05-27
497,640,539,This is so fun to play!,7,84,2024-06-29
79,783,375,This is so fun to play!,3,26,2024-07-14
477,517,715,Amazing Graphics!,7,66,2024-05-20
993,739,757,This is so fun to play!,1,30,2023-10-08
686,885,549,This is so fun to play!,8,17,2024-05-27
655,101,628,OK,5,50,2024-05-27
937,531,608,Amazing Graphics!,2,26,2023-11-09
98,254,169,This is so fun to play!,5,99,2023-10-21
955,613,125,OK,2,35,2024-02-09
811,900,722,Amazing Graphics!,8,98,2024-03-03
905,859,588,OK,2,12,2023-11-02
411,283,785,OK,4,49,2024-09-08
225,211,664,This is so fun to play!,1,58,2024-01-09
584,654,814,OK,4,53,2023-09-18
74,906,256,Amazing Graphics!,2,89,2024-04-28
273,841,182,Amazing Graphics!,10,1,2023-09-21
450,924,901,This is so fun to play!,8,16,2024-06-10
906,187,945,This is so fun to play!,8,64,2024-09-04
385,123,696,OK,8,5,2024-02-28
747,596,337,OK,1,14,2024-03-29
211,491,369,Amazing Graphics!,1,37,2024-06-05
431,813,767,Amazing Graphics!,7,14,2023-11-01
816,26,693,This is so fun to play!,1,4,2023-12-02
751,275,3,This is so fun to play!,2,24,2024-06-21
541,683,50,This is so fun to play!,2,65,2024-01-04
589,526,948,This is so fun to play!,6,17,2024-03-03
793,476,573,Amazing Graphics!,6,8,2024-06-09
259,317,378,This is so fun to play!,6,25,2023-10-08
543,535,310,Amazing Graphics!,2,51,2024-02-12
662,858,377,This is so fun to play!,7,72,2024-09-03
343,790,721,OK,4,18,2023-10-29
291,203,932,This is so fun to play!,3,14,2024-03-14
953,913,737,OK,10,16,2024-04-18
131,931,176,Amazing Graphics!,8,47,2024-04-03
900,459,689,This is so fun to play!,5,35,2024-03-21
821,248,841,OK,10,53,2024-03-14
871,64,551,OK,4,6,2024-01-21
814,78,649,Amazing Graphics!,4,66,2024-08-29
45,286,1000,OK,10,1,2024-05-08
362,307,198,This is so fun to play!,5,94,2023-12-25
314,417,490,OK,5,18,2024-05-18
337,270,691,OK,9,49,2024-08-18
626,628,524,Amazing Graphics!,7,66,2024-08-09
125,833,558,Amazing Graphics!,1,93,2024-06-17
698,613,125,This is so fun to play!,10,88,2024-01-23
870,955,277,Amazing Graphics!,4,98,2024-05-02
831,79,646,Amazing Graphics!,3,8,2024-05-24
843,631,273,Amazing Graphics!,5,53,2024-09-14
557,150,381,OK,5,52,2024-04-13
729,631,273,OK,8,32,2024-07-20
157,772,763,OK,3,90,2024-05-20
896,915,824,This is so fun to play!,3,73,2023-11-03
156,442,377,Amazing Graphics!,3,16,2024-02-01
224,701,651,Amazing Graphics!,5,10,2024-02-08
669,238,635,OK,8,1,2024-05-19
964,828,729,Amazing Graphics!,5,63,2024-03-25
327,660,170,Amazing Graphics!,9,40,2024-07-20
646,391,484,Amazing Graphics!,3,98,2024-05-23
339,682,616,This is so fun to play!,2,50,2024-01-21
519,797,68,Amazing Graphics!,8,56,2024-05-16
1001,46,783,This is so fun to play!,5,68,2023-12-02
705,278,264,Amazing Graphics!,5,44,2023-10-17
74,460,891,Amazing Graphics!,10,55,2024-01-05
14,296,855,Amazing Graphics!,1,10,2024-01-12
989,878,122,This is so fun to play!,7,12,2024-07-04
353,680,713,OK,2,40,2024-05-03
917,385,755,OK,6,67,2024-01-29
187,889,538,OK,4,7,2024-03-15
705,80,537,Amazing Graphics!,10,15,2024-07-29
285,466,437,This is so fun to play!,5,50,2024-01-18
338,563,53,Amazing Graphics!,4,60,2024-08-03
463,29,983,Amazing Graphics!,5,36,2023-12-26
789,241,977,Amazing Graphics!,6,28,2024-01-13
723,872,493,Amazing Graphics!,3,19,2024-01-05
673,453,163,OK,6,60,2024-06-29
101,920,279,This is so fun to play!,4,71,2024-04-20
555,4,259,Amazing Graphics!,5,12,2024-04-27
543,694,399,Amazing Graphics!,10,53,2024-07-17
516,522,143,This is so fun to play!,9,75,2024-07-04
252,130,272,Amazing Graphics!,5,96,2024-01-08
45,261,88,This is so fun to play!,5,42,2024-04-16
914,112,550,This is so fun to play!,5,43,2024-04-12
761,92,363,Amazing Graphics!,4,85,2024-07-31
596,564,83,OK,4,18,2024-07-05
976,88,763,OK,1,37,2023-10-22
807,307,198,This is so fun to play!,7,57,2024-07-13
327,659,752,Amazing Graphics!,5,2,2024-03-05
560,335,629,OK,9,88,2024-06-23
934,810,344,This is so fun to play!,1,21,2023-12-27
489,758,774,Amazing Graphics!,9,32,2024-01-20
483,40,478,OK,3,62,2024-05-27
172,749,459,OK,10,43,2024-08-29
715,652,863,OK,7,13,2023-12-26
61,796,316,This is so fun to play!,4,52,2023-10-07
557,30,25,This is so fun to play!,8,19,2024-03-14
691,69,243,Amazing Graphics!,2,68,2023-09-29
442,282,808,Amazing Graphics!,8,29,2023-10-25
681,269,972,Amazing Graphics!,5,58,2024-02-17
690,881,215,This is so fun to play!,2,63,2024-04-10
504,220,239,This is so fun to play!,3,8,2024-02-27
746,176,498,Amazing Graphics!,7,53,2023-12-29
264,736,429,Amazing Graphics!,3,29,2024-02-28
343,517,715,This is so fun to play!,5,14,2024-06-07
558,60,385,OK,3,31,2024-04-13
64,792,848,OK,6,16,2023-10-21
323,450,251,Amazing Graphics!,1,83,2023-10-09
30,711,538,Amazing Graphics!,9,49,2024-04-28
351,490,400,OK,4,87,2024-09-06
604,8,633,OK,4,31,2024-07-31
18,552,186,This is so fun to play!,3,9,2024-06-05
718,840,339,Amazing Graphics!,1,72,2024-07-04
404,295,715,This is so fun to play!,4,9,2023-11-05
890,549,621,This is so fun to play!,7,99,2023-10-15
647,739,757,OK,1,69,2024-07-07
487,24,320,This is so fun to play!,6,42,2024-03-18
70,83,247,Amazing Graphics!,9,63,2024-01-14
219,965,151,Amazing Graphics!,4,99,2024-07-02
959,811,813,This is so fun to play!,1,11,2023-10-28
30,390,233,OK,7,74,2024-03-08
633,780,92,OK,3,70,2023-10-05
488,840,339,OK,10,17,2024-03-03
11,773,832,OK,3,43,2024-04-05
242,808,925,Amazing Graphics!,5,16,2024-03-01
155,772,763,Amazing Graphics!,10,4,2023-10-07
226,843,975,This is so fun to play!,2,71,2024-04-16
612,750,926,OK,4,48,2024-01-13
634,461,515,Amazing Graphics!,2,44,2024-09-06
762,568,337,Amazing Graphics!,8,95,2023-10-23
71,454,633,Amazing Graphics!,2,86,2023-12-06
683,860,561,This is so fun to play!,1,39,2024-05-21
791,410,352,This is so fun to play!,5,55,2024-03-16
191,901,379,Amazing Graphics!,2,82,2024-04-14
640,202,955,Amazing Graphics!,5,5,2024-06-30
185,456,609,OK,5,76,2023-10-10
554,192,84,OK,8,72,2024-02-21
61,749,459,Amazing Graphics!,2,15,2023-12-25
342,721,957,Amazing Graphics!,3,42,2023-12-27
555,738,725,Amazing Graphics!,2,57,2024-03-13
253,568,337,Amazing Graphics!,7,59,2024-05-06
188,530,695,OK,5,65,2024-08-14
389,666,222,OK,3,51,2024-02-23
692,787,909,OK,1,1,2024-05-21
471,812,619,OK,2,70,2024-05-27
899,133,788,OK,10,63,2024-06-10
797,957,634,OK,6,16,2024-07-17
269,887,831,This is so fun to play!,6,26,2024-01-14
495,758,774,OK,4,89,2024-05-12
993,291,147,This is so fun to play!,9,29,2024-08-19
233,130,272,Amazing Graphics!,6,49,2023-09-28
612,37,662,OK,3,95,2024-02-15
548,947,352,This is so fun to play!,4,7,2023-12-15
163,172,699,This is so fun to play!,10,55,2024-07-27
943,137,13,This is so fun to play!,8,30,2024-02-20
501,887,831,This is so fun to play!,4,97,2024-02-23
955,859,588,Amazing Graphics!,1,24,2024-08-29
912,760,699,This is so fun to play!,9,19,2023-10-10
139,544,206,This is so fun to play!,7,82,2024-03-11
178,465,747,OK,5,38,2024-06-02
456,980,445,This is so fun to play!,3,46,2023-09-28
746,877,476,OK,2,13,2024-02-15
457,28,13,OK,6,91,2023-12-02
